{"schemaVersion":"1.0","appDefinitionTemplate":{"id":"/providers/Microsoft.PowerApps/apps/","type":"Microsoft.PowerApps/apps","tags":{"primaryDeviceWidth":"1366","primaryDeviceHeight":"768","sienaVersion":"20210701T033544Z-3.21062.38.0","deviceCapabilities":"","supportsPortrait":"false","supportsLandscape":"true","primaryFormFactor":"Tablet","publisherVersion":"3.21062.38","minimumRequiredApiVersion":"2.2.0","hasComponent":"true","hasUnlockedComponent":"true","isUnifiedRootApp":"false"},"properties":{"appVersion":"2021-07-01T03:35:44Z","lifeCycleId":"Published","createdByClientVersion":{"major":3,"minor":21062,"build":38,"revision":0,"majorRevision":0,"minorRevision":0},"minClientVersion":{"major":3,"minor":21062,"build":38,"revision":0,"majorRevision":0,"minorRevision":0},"backgroundColor":"rgba(0, 13, 75, 1)","backgroundImageUri":"/9180436611697283698/N13c3fbb9-5fc8-4b54-90ae-324df483ed27-logoSmallFile","displayName":"Templates_psgeisa","description":"","commitMessage":"","appUris":{"documentUri":{"value":"/9180436611697283698/N87b7ae9b-11e2-4b5e-8e77-441d844276ad-document.msapp"},"imageUris":[]},"createdTime":"0001-01-01T00:00:00Z","lastModifiedTime":"0001-01-01T00:00:00Z","sharedGroupsCount":0,"sharedUsersCount":0,"icons":{"smallIconUri":"/9180436611697283698/N5631a0e2-6dd2-499f-b6e5-64b1905eb8de-small.png","mediumIconUri":"/9180436611697283698/Nc7f02efe-a1ba-42a4-9a0e-be09e3cb851e-medium.png","largeIconUri":"/9180436611697283698/N30ecfee3-34ee-46b3-b0ff-53be767be6cd-large.png","wideIconUri":"/9180436611697283698/N7bcfd72e-775f-4f75-9851-654b96a1f3b6-wide.png"},"connectionReferences":{"e4bc55ef-85d8-43ec-80a3-cfbeb0ca1410":{"id":"d827ba8f-b4c4-4ad1-af04-497b30b30a0f","displayName":"Office 365 Outlook","iconUri":"https://connectoricons-prod.azureedge.net/releases/v1.0.1481/1.0.1481.2460/office365/icon.png","dataSources":["Office365Outlook"],"dependencies":[],"dependents":[],"parameterHints":{},"parameterHintsV2":{},"isOnPremiseConnection":false,"bypassConsent":false,"dataSets":{},"apiTier":"Standard","isCustomApiConnection":false,"actions":["SendEmailV2"]},"baeae297-9954-4082-860d-f6a031310964":{"id":"79a39c46-6a7d-4e02-94f5-d80a9cfad937","displayName":"Usuários do Office 365","iconUri":"https://connectoricons-prod.azureedge.net/releases/v1.0.1472/1.0.1472.2427/office365users/icon.png","dataSources":["UsuáriosdoOffice365"],"dependencies":[],"dependents":[],"parameterHints":{},"parameterHintsV2":{},"isOnPremiseConnection":false,"bypassConsent":false,"dataSets":{},"apiTier":"Standard","isCustomApiConnection":false}},"databaseReferences":{},"almMode":"Environment","performanceOptimizationEnabled":true,"canConsumeAppPass":true,"executionRestrictions":{"isTeamsOnly":false,"dataLossPreventionEvaluationResult":{"status":"Compliant","lastEvaluationDate":"2021-05-14T04:05:09.8431292Z","violations":[],"violationsByPolicy":[],"violationErrorMessage":"O aplicativo usa os seguintes conectores: shared_sharepointonline, shared_office365, shared_office365users."}}},"appType":"ClassicCanvasApp","appComponents":[]}}