{"schemaVersion":"1.0","appDefinitionTemplate":{"id":"/providers/Microsoft.PowerApps/apps/","type":"Microsoft.PowerApps/apps","tags":{"primaryDeviceWidth":"1366","primaryDeviceHeight":"768","sienaVersion":"20210703T011601Z-3.21062.38.0","deviceCapabilities":"","supportsPortrait":"false","supportsLandscape":"true","primaryFormFactor":"Tablet","publisherVersion":"3.21062.38","minimumRequiredApiVersion":"2.2.0","hasComponent":"true","hasUnlockedComponent":"true","isUnifiedRootApp":"false"},"properties":{"appVersion":"2021-07-03T01:16:01Z","lifeCycleId":"Published","createdByClientVersion":{"major":3,"minor":21062,"build":38,"revision":0,"majorRevision":0,"minorRevision":0},"minClientVersion":{"major":3,"minor":21062,"build":38,"revision":0,"majorRevision":0,"minorRevision":0},"backgroundColor":"rgba(0, 13, 75, 1)","backgroundImageUri":"/9180436611697283698/Nba9752b2-2202-49b4-aaf3-82f85b111bdc-logoSmallFile","displayName":"Templates_psgeisa","description":"","commitMessage":"","appUris":{"documentUri":{"value":"/9180436611697283698/Nbfc8063d-25f4-458f-9769-3cd9379b0190-document.msapp"},"imageUris":[]},"createdTime":"0001-01-01T00:00:00Z","lastModifiedTime":"0001-01-01T00:00:00Z","sharedGroupsCount":0,"sharedUsersCount":0,"icons":{"smallIconUri":"/9180436611697283698/N747be2ce-fb22-407e-b9a0-bd9d9b209949-small.png","mediumIconUri":"/9180436611697283698/Nb1f82d26-99d5-4ff0-bc47-5e203716b169-medium.png","largeIconUri":"/9180436611697283698/Nd445f154-bd72-4f7b-a652-e8523cf3385c-large.png","wideIconUri":"/9180436611697283698/N7a49531d-f3c7-4d14-9788-1fd46326d332-wide.png"},"connectionReferences":{"e4bc55ef-85d8-43ec-80a3-cfbeb0ca1410":{"id":"d827ba8f-b4c4-4ad1-af04-497b30b30a0f","displayName":"Office 365 Outlook","iconUri":"https://connectoricons-prod.azureedge.net/releases/v1.0.1481/1.0.1481.2460/office365/icon.png","dataSources":["Office365Outlook"],"dependencies":[],"dependents":[],"parameterHints":{},"parameterHintsV2":{},"isOnPremiseConnection":false,"bypassConsent":false,"dataSets":{},"apiTier":"Standard","isCustomApiConnection":false,"actions":["SendEmailV2"]},"baeae297-9954-4082-860d-f6a031310964":{"id":"79a39c46-6a7d-4e02-94f5-d80a9cfad937","displayName":"Usuários do Office 365","iconUri":"https://connectoricons-prod.azureedge.net/releases/v1.0.1472/1.0.1472.2427/office365users/icon.png","dataSources":["UsuáriosdoOffice365"],"dependencies":[],"dependents":[],"parameterHints":{},"parameterHintsV2":{},"isOnPremiseConnection":false,"bypassConsent":false,"dataSets":{},"apiTier":"Standard","isCustomApiConnection":false}},"databaseReferences":{},"almMode":"Environment","performanceOptimizationEnabled":true,"canConsumeAppPass":true,"executionRestrictions":{"isTeamsOnly":false,"dataLossPreventionEvaluationResult":{"status":"Compliant","lastEvaluationDate":"2021-05-14T04:05:09.8431292Z","violations":[],"violationsByPolicy":[],"violationErrorMessage":"O aplicativo usa os seguintes conectores: shared_sharepointonline, shared_office365, shared_office365users."}}},"appType":"ClassicCanvasApp","appComponents":[]}}